<?xml version="1.0" encoding="UTF-8" standalone="yes"?>
<addon id="script.aeviart" name="Aevi Art Module" provider-name="Aevi" version="1.0.0">
    <extension point="xbmc.python.module" />
    <extension point="xbmc.addon.metadata">
        <summary>Themes for Addons</summary>
        <description>Themes for Addons</description>
        <platform>all</platform>
        <license>GNU GENERAL PUBLIC LICENSE. Version 3, 29 June 2007</license>
        <assets>
            <icon>icon.png</icon>
            <fanart>fanart.png</fanart>
        </assets>
    </extension>
</addon>
