<addon id="plugin.video.aevi" name="Aevi" provider-name="Aevi" version="2.0.0">
    <requires>
        <import addon="xbmc.python" version="3.0.0" />
        <import addon="script.module.requests" version="2.19.1" />
        <import addon="script.aeviart" version="0.0.0" />
        <import addon="script.module.myaccounts" version="0.0.0" />
        <import addon="script.module.aeviscrapers" version="0.0.0" />
    </requires>
    <extension library="resources/lib/aevi.py" point="xbmc.python.pluginsource">
        <provides>video</provides>
    </extension>
    <extension library="resources/lib/service.py" point="xbmc.service" />
    <extension library="resources/lib/" point="xbmc.python.module" />
    <extension point="kodi.context.item">
        <menu id="kodi.core.main">
            <item library="resources/contextmenu/refresh_widgets.py">
                <label>40001</label>
                <visible>String.IsEqual(ListItem.Property(aevi_widget),true)</visible>
            </item>
            <item library="resources/contextmenu/mark_watched.py">
                <label>40003</label>
                <visible>[String.IsEqual(ListItem.dbtype,movie) | String.IsEqual(ListItem.dbtype,episode)] + String.IsEqual(ListItem.Property(aevi_widget),true) + String.IsEqual(ListItem.Property(aevi_playcount),0)</visible>
            </item>
            <item library="resources/contextmenu/mark_unwatched.py">
                <label>40004</label>
                <visible>[String.IsEqual(ListItem.dbtype,movie) | String.IsEqual(ListItem.dbtype,episode)] + String.IsEqual(ListItem.Property(aevi_widget),true) + String.IsEqual(ListItem.Property(aevi_playcount),1)</visible>
            </item>
            <item library="resources/contextmenu/clear_progress.py">
                <label>40009</label>
                <visible>[String.IsEqual(ListItem.dbtype,movie) | String.IsEqual(ListItem.dbtype,episode)] + String.IsEqual(ListItem.Property(aevi_widget),true) + String.IsEqual(ListItem.Property(aevi_in_progress),true)</visible>
            </item>
            <item library="resources/contextmenu/browse.py">
                <label>40002</label>
                <visible>String.IsEqual(ListItem.dbtype,episode) + String.IsEqual(ListItem.Property(aevi_widget),true)</visible>
            </item>
            <item library="resources/contextmenu/browse_season.py">
                <label>40011</label>
                <visible>String.IsEqual(ListItem.dbtype,episode) + String.IsEqual(ListItem.Property(aevi_widget),true)</visible>
            </item>
            <item library="resources/contextmenu/trakt_manager.py">
                <label>40005</label>
                <visible>[String.IsEqual(ListItem.dbtype,movie) | String.IsEqual(ListItem.dbtype,tvshow)] + String.IsEqual(ListItem.Property(aevi_widget),true)</visible>
            </item>
            <item library="resources/contextmenu/favorites_manager.py">
                <label>40008</label>
                <visible>[String.IsEqual(ListItem.dbtype,movie) | String.IsEqual(ListItem.dbtype,tvshow)] + String.IsEqual(ListItem.Property(aevi_widget),true)</visible>
            </item>
            <item library="resources/contextmenu/play_random.py">
                <label>40010</label>
                <visible>[String.IsEqual(ListItem.dbtype,tvshow)] + String.IsEqual(ListItem.Property(aevi_widget),true)</visible>
            </item>
            <item library="resources/contextmenu/options.py">
                <label>40007</label>
                <visible>String.IsEqual(ListItem.Property(aevi_widget),true)</visible>
            </item>
            <item library="resources/contextmenu/extras.py">
                <label>40006</label>
                <visible>String.IsEqual(ListItem.Property(aevi_widget),true)</visible>
            </item>
        </menu>
    </extension>
    <extension point="xbmc.addon.metadata">
        <reuselanguageinvoker>true</reuselanguageinvoker>
        <summary lang="en">Next Generation Of Streaming.</summary>
        <description lang="en"></description>
        <platform>all</platform>
		<disclaimer lang="en">The author of this addon do not host any of the content which is found and have no affiliation with any of the content providers. This addon simply searches websites for content. Use at your own risk!</disclaimer>
        <license>GNU GENERAL PUBLIC LICENSE. Version 3, 29 June 2007</license>
        <assets>
            <icon>icon.png</icon>
            <fanart>fanart.png</fanart>
        </assets>
        <news>
v2.0.0
Complete re-haul

v1.0.16
[new] Converted to Python3 for Kodi 19 (Matrix)

v1.0.15
[new] Aevi Recommends
[new] Recently Added
[fix] Images
[maintanance] Unused code cleanup

v1.0.10
[fix] Cookies and login

V1.0.9
[new] Genres        

v1.0.8
[fix] Empty posters don't crash application
[fix] Search now displays plays found content

v1.0.5
[new] Movie info, rating and posters
[new] Shows info, rating and posters
[fix] Playable content
[fix] User configuration

v1.0.2
[fix] User login

v1.0
Initial release

</news>
    </extension>
</addon>
