<?xml version="1.0" encoding="UTF-8" standalone="yes"?>
<addon id="plugin.video.aevi" version="1.0.1" name="Aevi" provider-name="Aevi">
    <requires>
      <import addon="xbmc.python" version="2.24.0"/>
      <import addon="xbmc.metadata" version="2.1.0"/>
      <import addon="script.module.simplejson" version="3.3.0"/>
      <import addon="script.module.requests" version="2.3.0"/>
      <import addon="script.module.routing" version="0.2.0"/>
    </requires>
    <extension point="xbmc.python.pluginsource" library="addon.py">
        <provides>video</provides>
    </extension>
    <extension point="xbmc.addon.metadata">
        <summary lang="en">Next Generation Of Streaming.</summary>
        <description lang="en"></description>
        <platform>all</platform>
        <license>MIT</license>
        <source>https://aevi.stream</source>
        <website>https://aevi.stream</website>
        <forum></forum>
        <news></news>
        <assets>
            <icon>resources/media/icon.png</icon>
            <fanart>resources/media/fanart.png</fanart>
        </assets>
    </extension>
</addon>
