<?xml version="1.0" encoding="UTF-8" standalone="yes"?>
<addon id="plugin.video.aevi" version="1.0.15" name="Aevi" provider-name="Aevi">
    <requires>
      <import addon="xbmc.python" version="2.24.0"/>
      <import addon="xbmc.metadata" version="2.1.0"/>
      <import addon="script.module.simplejson" version="3.3.0"/>
      <import addon="script.module.requests" version="2.3.0"/>
      <import addon="script.module.routing" version="0.2.0"/>
    </requires>
    <extension point="xbmc.python.pluginsource" library="addon.py">
        <provides>video</provides>
    </extension>
    <extension point="xbmc.addon.metadata">
        <summary lang="en">Next Generation Of Streaming.</summary>
        <description lang="en"></description>
        <platform>all</platform>
        <license>MIT</license>
        <source>https://aevi.stream</source>
        <website>https://aevi.stream</website>
        <forum></forum>
        <news>
v1.0.15
[new] Aevi Recommends
[new] Recently Added
[fix] Images
[maintanance] Unused code cleanup

v1.0.10
[fix] Cookies and login

V1.0.9
[new] Genres        

v1.0.8
[fix] Empty posters don't crash application
[fix] Search now displays plays found content

v1.0.5
[new] Movie info, rating and posters
[new] Shows info, rating and posters
[fix] Playable content
[fix] User configuration

v1.0.2
[fix] User login

v1.0
Initial release
        </news>
        <assets>
            <icon>resources/media/icon.png</icon>
            <fanart>resources/media/fanart.png</fanart>
        </assets>
    </extension>
</addon>
